title,link,date
From A Rithm Instructor: Technical Job Search Blockers,/blog/rithm-instructor-technical-job-search-blockers,2021-03-12 00:07:16 UTC
Coming Up in Python: `match`,/blog/coming-up-in-python-match,2021-03-03 22:38:07 UTC
2021 Rithm School Scholarships,/blog/2021-rithm-school-scholarships,2021-02-24 01:04:55 UTC
6 Tips To Push Through The Discomfort Of The Job Search,/blog/push-through-discomfort-of-the-job-search,2021-02-17 00:17:32 UTC
Our Updated Interview Process,/blog/our-updated-interview-process,2021-01-25 20:19:48 UTC
Using The JavaScript Ternary Operator Effectively,/blog/using-the-javascript-ternary-operator,2020-11-09 00:00:00 UTC
Seven Tips For Dealing With Imposter Syndrome,/blog/dealing-with-coding-bootcamp-imposter-syndrome,2020-10-20 00:00:00 UTC
Alumni Spotlight: Genna Mergola,/blog/alumni-spotlight-genna-mergola,2020-10-13 00:00:00 UTC
How To Get Into A Top Coding Bootcamp,/blog/how-to-get-into-top-coding-bootcamp-rithm-school,2020-09-22 00:00:00 UTC
Taking Breaks: Why Being Busy Doesn't Equal Productivity,/blog/taking-breaks-for-productivity,2020-08-18 00:00:00 UTC
Student Interview: R16 On Company Projects,/blog/student-interview-r16-on-remote-company-projects,2020-08-11 00:00:00 UTC
5 Topics To Master Before Learning React Hooks,/blog/5-topics-to-master-before-learning-react-hooks,2020-07-28 00:00:00 UTC
What You Can Learn From Learning A New Language,/blog/what-you-can-learn-from-learning-a-new-language,2020-07-21 00:00:00 UTC
Software Engineering Careers Post Covid-19,/blog/software-engineering-careers-post-covid-19,2020-07-08 00:00:00 UTC
What Coding Language You Should Learn To Get Hired In 2020,/blog/what-coding-language-you-should-learn-to-get-hired-in-2020,2020-07-02 00:00:00 UTC
Alumni Spotlight: George Gruner,/blog/alumni-spotlight-george-gruner,2020-06-24 00:00:00 UTC
A Tech Worker Reading List for 2020,/blog/tech-worker-reading-list-for-2020,2020-06-08 00:00:00 UTC
JavaScript in 2020,/blog/javascript-in-2020,2020-05-27 00:00:00 UTC
Rithm's Alumni Mentor Program,/blog/bootcamp-alumni-mentorship-program,2020-05-12 00:00:00 UTC
Rithm School Remote Updates - Scholarships & Smaller Class Sizes,/blog/remote-2020-updates-scholarships,2020-05-06 00:00:00 UTC
